{
    "$schema": "https://schema.management.azure.com/schemas/2015-01-01/deploymentParameters.json#",
    "contentVersion": "1.0.0.0",
    "parameters": {
        "location": {
            "value": "eastus2"
        },
        "networkInterfaceName": {
            "value": "psdemo-win-arm133"
        },
        "networkSecurityGroupName": {
            "value": "psdemo-win-arm-nsg"
        },
        "networkSecurityGroupRules": {
            "value": [
                {
                    "name": "RDP",
                    "properties": {
                        "priority": 300,
                        "protocol": "TCP",
                        "access": "Allow",
                        "direction": "Inbound",
                        "sourceAddressPrefix": "*",
                        "sourcePortRange": "*",
                        "destinationAddressPrefix": "*",
                        "destinationPortRange": "3389"
                    }
                }
            ]
        },
        "subnetName": {
            "value": "default"
        },
        "virtualNetworkName": {
            "value": "psdemo-win-arm_group_10271518-vnet"
        },
        "addressPrefixes": {
            "value": [
                "172.16.1.0/24"
            ]
        },
        "subnets": {
            "value": [
                {
                    "name": "default",
                    "properties": {
                        "addressPrefix": "172.16.1.0/24"
                    }
                }
            ]
        },
        "publicIpAddressName": {
            "value": "psdemo-win-arm-ip"
        },
        "publicIpAddressType": {
            "value": "Dynamic"
        },
        "publicIpAddressSku": {
            "value": "Basic"
        },
        "virtualMachineName": {
            "value": "psdemo-win-arm"
        },
        "virtualMachineComputerName": {
            "value": "psdemo-win-arm"
        },
        "virtualMachineRG": {
            "value": "psdemo-win-arm_group_10271518"
        },
        "osDiskType": {
            "value": "Premium_LRS"
        },
        "virtualMachineSize": {
            "value": "Standard_D2s_v3"
        },
        "adminUsername": {
            "value": "demoadmin"
        },
        "adminPassword": {
            "value": null
        },
        "patchMode": {
            "value": "AutomaticByOS"
        }
    }
}