{
  "bindings": [
    {
      "authLevel": "function",
      "type": "httpTrigger",
      "direction": "in",
      "name": "req",
      "methods": [
        "get",
        "post"
      ]
    },
    {
      "type": "http",
      "direction": "out",
      "name": "res"
    },
    {
      "type": "cosmosDB",
      "direction": "in",
      "name": "inputDocument",
      "databaseName": "demo",
      "collectionName": "todo",
      "connectionStringSetting": "CosmosDBConnection",
      "id": "{Query.id}",
      "partitionKey": "{Query.id}"
    },
    {
      "type": "queue",
      "direction": "out",
      "name": "outputQueueItem",
      "queueName": "outqueue",
      "connection": "AzureWebJobsStorage"
    }
  ]
}
