{
	"info": {
		"_postman_id": "04dbb336-9bb3-48e6-bdd0-dcc7ab7c51f4",
		"name": "Client Credential Flow",
		"schema": "https://schema.getpostman.com/json/collection/v2.1.0/collection.json"
	},
	"item": [
		{
			"name": "Get Token",
			"request": {
				"method": "POST",
				"header": [
					{
						"warning": "This is a duplicate header and will be overridden by the Content-Type header generated by Postman.",
						"key": "Content-Type",
						"value": "application/x-www-form-urlencoded",
						"type": "text"
					}
				],
				"body": {
					"mode": "urlencoded",
					"urlencoded": [
						{
							"key": "client_id",
							"value": "",
							"type": "text"
						},
						{
							"key": "scope",
							"value": "",
							"type": "text"
						},
						{
							"key": "client_secret",
							"value": "",
							"type": "text"
						},
						{
							"key": "grant_type",
							"value": "client_credentials",
							"type": "text"
						}
					]
				},
				"url": {
					"raw": "https://login.microsoftonline.com/tenantid/oauth2/v2.0/token",
					"protocol": "https",
					"host": [
						"login",
						"microsoftonline",
						"com"
					],
					"path": [
						"tenantid",
						"oauth2",
						"v2.0",
						"token"
					]
				}
			},
			"response": []
		}
	]
}